longitude,latitude,AnnualTs
11.82902701,78.92069377,-9.589631081
11.83736034,78.92069377,-1.174123406
16.40402699,78.74569377,-2.434815168
16.46236033,78.71236044,-2.218366623
16.38736033,78.7040271,-4.870434761
15.92069366,78.18736044,-1.928045273
16.02069366,78.17069377,-1.762363076
16.02902699,78.17069377,-1.772401929
16.03736033,78.17069377,-2.696925163
16.04569366,78.17069377,-2.982109547
16.05402699,78.17069377,-3.14725852
16.06236033,78.17069377,-1.94528532
16.07069366,78.17069377,-2.848478556
16.07902699,78.17069377,-3.47551465
-20.49597286,74.51236045,-5.128499031
-20.47930619,74.51236045,-7.190292835
-20.45430619,74.51236045,-6.88980484
-20.44597286,74.51236045,-3.725137234
-20.53763953,74.50402712,-6.359061241
-20.52930619,74.50402712,-5.953625679
-20.50430619,74.50402712,0.543511689
-20.46263953,74.50402712,-4.729938984
-20.55430619,74.49569379,-3.979361296
-20.47097286,74.49569379,-4.710749626
-20.56263953,74.48736045,-7.093370438
-20.51263953,74.48736045,-4.41417551
-20.50430619,74.48736045,-5.099048138
-20.49597286,74.48736045,-5.162104607
-20.55430619,74.47902712,-7.54022646
-20.58763953,74.47069379,-6.727852821
-20.57930619,74.47069379,-6.363110065
-20.55430619,74.47069379,-7.021092892
-20.59597286,74.46236045,-6.687859058
-20.58763953,74.46236045,-8.107862473
-20.57930619,74.46236045,-6.116497993
-20.57097286,74.46236045,-7.774484158
126.4790266,72.37069379,-7.522452831
147.4956931,70.82902713,5.338301659
-148.562639,70.2706938,-4.845283985
-138.9126391,69.57902714,-3.439672709
-148.837639,69.04569381,-2.069955111
-148.8293057,69.04569381,-2.002315998
161.3373597,68.61236048,-2.933777571
18.53736032,68.51236048,2.691991329
18.57069365,68.51236048,2.387268305
18.88736032,68.45402714,2.87063098
18.32069365,68.42902714,2.989994764
17.75402699,68.42069381,4.048814297
17.76236032,68.42069381,4.023919106
17.77069365,68.42069381,3.945146322
18.19569365,68.42069381,3.046738386
18.23736032,68.42069381,2.822579384
18.32902698,68.42069381,2.774995089
18.34569365,68.42069381,2.640961647
18.35402698,68.42069381,1.395858765
18.36236032,68.42069381,2.101108789
17.77069365,68.41236048,4.235750675
17.77902699,68.41236048,3.951108694
18.37069365,68.41236048,1.998550296
18.38736032,68.41236048,1.93052268
17.77069365,68.40402714,3.540780783
17.77902699,68.40402714,3.546300173
17.78736032,68.40402714,3.40760231
18.39569365,68.40402714,1.300008416
18.40402698,68.40402714,1.564237833
18.67069365,68.40402714,2.716614485
18.67902698,68.40402714,3.575540543
17.77069365,68.39569381,2.883589268
17.77902699,68.39569381,2.752592325
17.78736032,68.39569381,2.303828239
17.80402699,68.39569381,2.968318462
18.40402698,68.39569381,-0.014459555
18.42069365,68.39569381,0.045359295
18.43736032,68.39569381,-0.399411559
18.45402698,68.39569381,0.188299924
18.67069365,68.39569381,2.492877722
18.66236032,68.38736048,0.796737909
18.67069365,68.38736048,0.722111464
18.66236032,68.37902714,2.074988842
18.67069365,68.37069381,1.04755044
18.67902698,68.37069381,-0.734288871
18.49569365,68.36236048,-2.334714174
18.66236032,68.36236048,0.316655487
18.67069365,68.36236048,-0.537747383
18.67069365,68.35402714,0.082970895
18.92069365,68.31236048,0.427366674
19.17902698,68.31236048,2.725208044
21.37069364,68.30402714,-0.007410382
21.43736031,68.30402714,2.420729637
19.17069365,68.29569381,1.49692452
21.34569364,68.29569381,1.019693136
21.42069364,68.29569381,0.2626248
21.43736031,68.29569381,2.147106886
17.42902699,68.23736048,3.975732088
17.55402699,68.19569381,4.384894371
17.55402699,68.18736048,4.508179188
17.84569365,68.17902714,3.126267433
17.52069365,68.17069381,3.677604198
17.56236032,68.17069381,4.464872837
17.71236032,68.17069381,3.006894588
17.72069365,68.17069381,2.60257268
17.73736032,68.17069381,2.202623606
17.80402699,68.17069381,2.660828114
17.84569365,68.17069381,2.323612452
17.86236032,68.17069381,2.093636513
17.87069365,68.17069381,2.257755995
17.51236032,68.16236048,3.615009785
17.52069365,68.16236048,3.561988831
17.52902699,68.16236048,3.777609825
17.53736032,68.16236048,4.012607574
17.54569365,68.16236048,4.148923397
17.57069365,68.16236048,3.778173208
17.57902699,68.16236048,3.629795551
17.58736032,68.16236048,3.759788275
17.59569365,68.16236048,3.745599508
17.60402699,68.16236048,3.590593338
17.62069365,68.16236048,3.493674755
17.64569365,68.16236048,3.914691925
17.68736032,68.16236048,2.948532104
17.70402699,68.16236048,3.194555521
17.52902699,68.15402715,3.319593906
17.48736032,68.14569381,2.872085571
-149.6793057,68.02902715,0.577047646
24.21236029,67.99569381,3.974134207
-149.7459723,67.94569381,0.523960114
-162.2793056,67.93736048,0.394744456
-151.7459723,66.17902715,0.15042527
-17.09597287,65.90402715,2.497870684
-17.08763954,65.90402715,2.441958666
-17.09597287,65.89569382,2.544651508
-17.08763954,65.89569382,2.414001226
19.03736031,65.81236049,3.782479048
19.04569365,65.81236049,3.044991732
18.73736032,65.78736049,3.509070873
19.10402698,65.77069382,3.403609037
18.61236032,65.60402716,4.049214363
18.33736032,65.57902716,3.980268955
18.40402698,65.57069382,3.593236685
-164.712639,65.40402716,-1.35550952
19.43736031,65.37902716,4.132706642
-146.5959724,65.37069382,1.134851813
-19.6793062,65.13736049,1.354132414
-19.67097286,65.13736049,1.254033446
-19.66263953,65.13736049,0.92249161
-19.67097286,65.12902716,1.978459597
-19.66263953,65.12902716,1.116176128
-148.2793057,64.77069383,2.427932024
-148.2793057,64.76236049,3.555525541
-148.3043057,64.70402716,4.438914776
148.3040265,64.70402716,2.365613937
-156.712639,64.69569383,1.909332991
100.21236,64.28736049,2.038384676
19.55402698,64.17902716,5.237709999
19.45402698,64.11236049,4.067542076
-160.7459723,63.9123605,1.25058496
20.31236031,63.82069383,6.152354717
-147.6459724,63.30402716,2.510388613
17.19569366,63.1373605,4.801246643
17.22902699,63.09569383,4.727474689
17.17069366,63.0873605,4.750819206
17.17902699,63.0873605,4.507506371
17.24569366,63.07902717,4.682739258
17.21236032,63.0623605,4.66083622
17.39569365,63.0623605,4.876540661
17.52069365,63.02069383,4.999242306
29.78736027,63.02069383,5.441705704
17.47902699,62.97902717,5.100178719
17.27069366,62.97069383,4.729943275
17.50402699,62.97069383,4.898988724
17.07902699,62.9623605,4.419274807
17.11236032,62.9623605,4.639379501
17.43736032,62.9623605,4.82365942
17.17069366,62.94569383,4.619293213
17.43736032,62.9373605,4.626616478
17.21236032,62.92069383,4.557082653
17.18736032,62.9123605,4.862147808
17.47069365,62.9123605,4.772134304
17.47902699,62.9123605,4.577380657
17.55402699,62.90402717,4.88273716
17.25402699,62.89569383,4.731625557
17.43736032,62.89569383,4.156245232
17.55402699,62.89569383,4.593362808
17.57902699,62.87902717,4.691841125
17.56236032,62.87069383,5.143301487
30.3206936,62.87069383,5.744123459
30.3456936,62.87069383,5.454312801
17.45402699,62.8623605,4.931431293
17.42069365,62.84569383,4.432341576
17.51236032,62.82902717,4.538720131
17.41236032,62.79569383,5.297727108
30.93736027,62.7873605,5.388589859
30.9456936,62.7873605,5.803632259
29.77069361,62.70402717,6.987020016
29.73736027,62.69569383,5.488883495
29.67902694,62.67902717,5.562634468
29.57902694,62.67069383,5.926258087
29.58736027,62.67069383,6.059412003
29.07902694,62.64569383,5.225311756
-150.7793057,62.62902717,2.973275185
30.33736027,62.6123605,5.71794796
30.2706936,62.60402717,5.155641556
29.42902694,62.55402717,6.133231163
29.18736027,62.50402717,5.730042458
30.21236027,62.45402717,4.757555008
30.31236027,62.44569383,5.232223034
30.17902694,62.4373605,5.330752373
30.11236027,62.42069383,4.883929729
30.2206936,62.4123605,6.520528793
30.2206936,62.37069383,5.172085762
30.21236027,62.3623605,5.086639404
30.3206936,62.32902717,5.214308739
30.3706936,62.32902717,4.881647587
9.595693686,62.2623605,2.367845297
9.679027019,62.2623605,2.344139099
9.629027019,62.2373605,2.770111799
29.77069361,62.14569384,5.714323521
-165.1209723,61.36236051,3.321850061
-45.37097276,61.18736051,2.751005173
-45.38763943,61.17069384,2.163235903
-45.38763943,61.15402717,2.286780834
-45.37930609,61.15402717,2.951909781
6.629027031,61.08736051,3.945371389
9.079027021,61.03736051,5.125909805
-138.4043057,61.02902717,2.325864315
8.120693692,61.02069384,2.586305857
6.412360365,60.93736051,2.940988541
14.379027,60.88736051,5.727442265
7.170693696,60.87902717,5.47725296
7.179027029,60.87902717,4.657456875
7.179027029,60.82902717,3.435646772
7.279027029,60.82069384,2.480097532
8.704027023,60.82069384,4.815703392
89.3540267,60.80402717,4.949102402
5.962360367,60.68736051,5.150780678
6.337360366,60.66236051,5.406677246
6.512360365,60.54569384,3.965223074
17.83736032,60.12902718,5.550298214
17.92069365,60.12902718,6.364277363
17.47902699,60.08736051,6.147246838
-156.987639,59.82069385,2.672733307
-151.362639,59.68736051,4.396128654
-154.2793057,59.08736051,4.502045631
-156.5709723,58.67069385,3.633930922
-63.35430602,58.63736052,-0.826776803
-63.34597269,58.63736052,0.737311959
14.329027,58.02902719,7.856646538
-3.795972927,56.60402719,6.117479324
-4.320972925,56.50402719,5.270724773
9.587360353,56.48736053,5.879249573
32.92069359,56.46236053,6.015712261
32.90402693,56.44569386,6.948063374
14.76236033,56.35402719,8.28298378
13.554027,56.26236053,7.271208763
-2.862639598,55.90402719,9.064637184
-3.204306263,55.86236053,7.719302177
-3.245972929,55.79569386,7.571189404
12.08736034,55.68736053,9.375225067
12.19569368,55.68736053,9.442214012
12.10402701,55.67902719,9.60408783
13.08736034,55.66236053,7.304386616
12.09569368,55.5290272,12.24266911
11.64569368,55.48736053,7.845126152
89.9540267,54.77069387,2.393802881
90.0040267,54.7290272,6.715912819
18.07902699,54.72069387,8.508454323
18.42902698,54.2540272,8.655613899
18.13736032,54.23736053,7.73942852
12.32069368,54.12069387,8.984511375
13.51236034,54.0540272,8.867834091
13.51236034,54.04569387,8.944156647
13.68736034,53.86236054,9.947888374
20.46236031,53.61236054,8.27068615
6.354027032,53.39569387,11.55985641
13.12902701,53.38736054,9.05397892
14.729027,53.32069387,8.956978798
18.90402698,53.29569387,8.971797943
13.829027,53.11236054,9.32420826
14.56236033,52.71236054,9.4386549
16.29569366,52.43736054,10.7770834
5.687360368,52.25402721,9.925702095
5.070693704,52.23736054,11.25528908
5.745693701,52.17069388,10.56092262
-8.754306241,51.98736054,9.538675308
4.929027038,51.97069388,9.511406898
4.904027038,51.95402721,8.4197855
14.03736033,51.89569388,14.16042709
4.637360372,51.65402721,15.74014282
-1.262639604,51.45402721,10.52961826
13.26236034,51.38736055,10.83962822
10.37069368,51.32902721,7.913672924
4.520693706,51.30402721,10.74811745
10.65402702,51.27902721,9.211112976
-2.829306264,51.20402721,11.08147526
4.412360373,51.16236055,11.64740849
-0.854306272,51.15402721,9.799149513
10.91236035,51.09569388,10.09564877
10.45402702,51.07902721,7.702510834
13.48736034,50.96236055,8.885931015
13.56236034,50.96236055,8.339091301
13.51236034,50.95402721,9.76255703
13.52069367,50.89569388,9.144678116
6.445693699,50.87069388,10.40465355
6.445693699,50.86236055,11.63337898
13.72069367,50.78736055,6.040315628
6.304027032,50.62069388,9.06017971
6.0706937,50.56236055,8.497047424
4.745693705,50.55402722,11.4728241
11.45402701,50.45402722,6.213096619
5.9956937,50.30402722,8.027703285
18.53736032,49.50402722,5.14592886
18.54569365,49.49569389,9.26462841
16.74569366,49.32069389,7.843599796
16.64569366,49.27902722,8.794836998
20.26236031,49.16236055,NA
20.10402698,49.12902722,4.897902012
20.16236031,49.12069389,6.783005714
8.070693692,49.11236055,10.74593449
13.304027,49.09569389,8.599162102
14.77069367,49.02069389,8.024691582
10.73736035,48.86236056,9.581022263
1.945693717,48.84569389,11.17031479
-116.4626391,48.72069389,6.797823429
19.12902698,48.53736056,9.233452797
19.16236031,48.53736056,9.088476181
19.17902698,48.53736056,9.223127365
19.22069365,48.50402722,8.432044983
-111.9209725,48.30402722,8.459979057
11.09569368,48.29569389,7.553317547
11.06236035,47.82902723,NA
11.32902701,47.80402723,9.600320816
-104.2459725,47.77069389,8.225663185
10.97069368,47.72902723,NA
-96.26263922,47.72069389,7.622145176
-107.1293058,47.52069389,9.199243546
8.362360358,47.47902723,9.486453056
11.80402701,47.39569389,10.1065073
7.729027027,47.28736056,10.63222218
7.73736036,47.28736056,10.1820116
8.412360357,47.21236056,11.27627563
11.32069368,47.1206939,8.63422966
8.537360357,47.11236056,8.719232559
11.09569368,47.03736056,-0.36413914
6.837360364,46.98736056,9.139807701
9.854027018,46.81236056,4.261992931
-117.0793058,46.78736056,10.17074394
9.870693685,46.77902723,3.9767735
-100.9126392,46.7706939,7.25782156
9.862360352,46.7706939,3.952882528
19.60402698,46.68736056,11.80652428
9.787360352,46.58736056,10.35101128
11.43736035,46.58736056,5.313267231
-115.7959725,46.4956939,7.100095749
30.33736027,46.45402723,13.22409821
10.49569368,46.33736057,1.94524014
7.137360362,46.2956939,7.518808842
7.154027029,46.2956939,7.610888004
7.079027029,46.28736057,9.180650711
7.02902703,46.2706939,12.95777035
7.054027029,46.2706939,14.07744217
7.02902703,46.26236057,10.7732954
7.00402703,46.2456939,12.67070961
-117.3959725,46.23736057,8.419183731
7.387360361,46.22902723,11.51802254
7.395693695,46.2206939,11.39196968
7.412360361,46.18736057,7.782835484
7.462360361,46.1456939,9.173384666
11.70402701,46.11236057,6.133707523
7.504027028,46.0956939,12.61226559
7.495693694,46.08736057,8.255008698
7.495693694,46.07902723,6.782311916
11.04569368,46.01236057,7.312033653
11.27902701,45.95402723,5.484058857
11.28736035,45.95402723,4.278808594
7.695693694,45.9206939,-0.453888923
7.579027027,45.8456939,4.763016224
7.562360361,45.8206939,5.667863846
8.637360356,45.81236057,11.8173399
12.44569367,45.7456939,NA
2.73736038,45.6456939,8.5476408
8.879027022,45.2956939,11.64701557
9.062360355,45.20402724,13.20601177
7.579027027,45.15402724,11.35974693
-109.2793058,45.1456939,7.979011536
-109.2793058,45.13736057,7.537209511
-109.3126392,45.10402724,7.421593189
-109.3709725,45.08736057,3.81395483
-109.3293058,45.08736057,7.342826366
-109.3876392,45.07902724,4.28605938
-109.3793058,45.07902724,3.139774084
8.720693689,45.0706939,13.5658865
-109.3959725,45.06236057,4.603672028
-109.4126392,45.0456939,-0.242094845
-109.4209725,45.03736057,4.135361671
-109.4126392,45.03736057,4.560794353
-109.4043058,45.03736057,1.055475354
-109.4293058,45.02902724,2.509397745
-109.4126392,45.02902724,3.497075558
-109.4043058,45.02902724,0.271449685
-109.4043058,45.0206939,1.992500663
-109.4043058,45.01236057,0.88963598
-109.4209725,44.9956939,-1.199688435
-109.4293058,44.97902724,1.644038439
-110.4043058,44.91236057,5.300693989
-110.3876392,44.88736057,4.625934124
-110.3793058,44.87902724,4.144963741
-110.3876392,44.8706939,10.99894428
-110.4126392,44.86236057,6.793226242
-110.4043058,44.86236057,4.326411724
-110.4209725,44.85402724,5.816199303
-110.4126392,44.85402724,7.546834469
-110.4293058,44.8456939,6.914649963
-110.4459725,44.83736057,1.995458603
-110.4376392,44.83736057,6.940502644
-110.4459725,44.82902724,3.355302095
-110.4459725,44.82069391,1.387654781
-110.4376392,44.81236057,1.021975279
-110.4376392,44.80402724,0.816713691
-110.4376392,44.79569391,0.648966312
-110.4293058,44.79569391,2.187275887
-116.0876391,44.78736057,7.746119499
11.08736035,44.68736057,14.91410923
-107.1793058,44.54569391,4.014670849
-72.82930598,44.53736057,7.216310978
-110.8376392,44.45402724,5.929304123
-110.8209725,44.45402724,6.425234318
-110.8126392,44.45402724,6.220188141
-110.8043058,44.44569391,4.286957264
-110.8043058,44.43736057,4.660305977
-110.7959725,44.43736057,4.842788219
-110.7876392,44.43736057,2.551722765
-110.7376392,44.43736057,3.963106632
-110.7293058,44.43736057,4.405724049
-110.7209725,44.43736057,4.429252625
-110.7626392,44.42902724,6.127010822
-110.7459725,44.42902724,3.515236139
-107.0126392,44.34569391,3.132334709
10.41236035,44.27902724,5.702762127
10.40402702,44.25402724,4.038245678
10.40402702,44.24569391,3.859760284
-99.92930588,44.23736057,9.722064972
-110.9293058,43.77902724,2.738881588
10.28736035,43.72902724,14.17742443
2.179027049,43.41236058,11.20367241
141.8123598,43.32069391,10.05704021
11.27069368,43.30402724,12.36345005
-116.8459725,43.28736058,8.25391674
-116.7126391,43.17069391,11.41485119
-116.7376391,43.14569391,10.40301704
-116.7459725,43.06236058,5.351856709
-73.02930598,43.05402725,7.43038559
-117.0126391,42.94569391,12.66374111
-77.02930597,42.88736058,11.16849041
-109.4126392,42.71236058,2.920113564
10.07902702,42.58736058,20.01385117
-109.0876392,42.57902725,5.506162643
-95.76263923,42.43736058,10.18397236
11.92902701,42.40402725,14.17859459
11.92069368,42.38736058,12.80158043
11.91236034,42.37902725,14.02804279
12.02069368,42.37902725,14.51651192
12.02902701,42.37902725,16.13811493
11.92069368,42.37069391,8.955956459
11.92069368,42.18736058,13.94030285
-121.3876391,42.02069392,11.00098801
-93.7293059,42.02069392,8.893292427
128.0123599,41.99569392,2.357568502
128.0206932,41.99569392,1.886835575
128.0040265,41.98736058,3.236611366
128.0123599,41.98736058,0.275088817
-111.5959725,41.97069392,5.330715656
-111.4709725,41.92069392,5.200046539
-113.4126392,41.91236058,4.348036766
13.604027,41.90402725,10.99467659
-111.5709725,41.88736058,7.388020039
-115.0793058,41.86236058,6.542794704
-111.5043058,41.86236058,4.830792904
13.58736034,41.84569392,6.164237976
2.412360381,41.81236058,10.22207069
-111.5459725,41.79569392,4.990549564
-81.07930595,41.79569392,11.88144875
-113.8209725,41.77902725,10.04340267
-111.6043058,41.77902725,6.495466232
-111.5959725,41.77902725,11.67220306
-113.2876392,41.77069392,11.76246452
-111.6043058,41.77069392,10.18871975
-111.5959725,41.77069392,12.81853104
-111.5959725,41.76236058,8.242407799
-111.5876392,41.76236058,8.371247292
12.35402701,41.70402725,15.98788357
12.37902701,41.70402725,14.09066963
-118.9959725,41.48736059,6.537295341
-111.4959725,41.46236059,3.855323076
-111.8293058,41.40402725,8.161932945
-106.3459725,41.37902725,3.260951519
-71.77930599,41.36236059,11.99565601
1.029027054,41.34569392,12.89343357
1.037360387,41.34569392,12.62677765
1.004027054,41.33736059,11.70495415
-111.3043058,41.32902725,6.683751583
1.820693717,41.30402725,14.28421497
-111.4126392,41.24569392,4.368940353
-111.3626392,41.22069392,6.650814056
-111.6876392,41.00402725,10.34205151
-111.8126392,40.93736059,5.220948696
-110.5043058,40.91236059,2.830360651
-117.5876391,40.88736059,8.468542099
-104.7293059,40.87069392,11.08909416
-115.1209725,40.86236059,6.297100544
-110.7959725,40.86236059,4.808755398
-96.46263922,40.85402725,11.99401283
-111.7126392,40.83736059,4.559148788
-110.0043058,40.83736059,3.205888748
-111.7626392,40.82902725,6.306681633
-111.0959725,40.78736059,5.981247902
-110.0126392,40.77069392,3.5618608
-111.6293058,40.76236059,8.491955757
-76.6626393,40.67069392,12.69010258
-111.6376392,40.66236059,4.888775349
-109.8876392,40.60402726,4.669204235
8.154027025,40.60402726,17.74246407
-110.4293058,40.59569392,3.909010649
-112.3959725,40.58736059,13.34906387
-110.3543058,40.55402726,5.964250565
-110.6959725,40.54569392,5.398409843
14.954027,40.52069392,17.11594963
-105.7626392,40.51236059,2.936392307
-115.5126391,40.44569392,6.949393749
-111.6126392,40.42902726,5.747270107
-101.7209725,40.37069392,10.3072834
-89.89597258,40.32069392,13.30280685
-93.71263923,40.25402726,13.07845116
-110.3043058,40.17902726,10.80750179
-111.2043058,40.16236059,6.228592873
-118.4959725,40.09569392,13.75383282
-114.0043058,39.98736059,10.75104523
-83.44597261,39.95402726,12.47928238
-111.6293058,39.92902726,7.467282772
-110.7459725,39.89569392,5.732934475
-99.32930588,39.78736059,12.06946182
-113.9793058,39.73736059,5.702101231
-111.3209725,39.68736059,6.483658314
-111.8709725,39.64569393,11.6627264
-110.8043058,39.52902726,12.73536777
-111.7209725,39.49569393,6.901346684
16.53736032,39.47902726,7.41745472
-117.6209725,39.46236059,9.462893486
-111.2459725,39.41236059,5.666354179
-112.3293058,39.34569393,7.302691936
-0.320972941,39.34569393,18.37053299
-111.4876392,39.32069393,6.825724602
-111.4293058,39.31236059,5.162074566
-111.4543058,39.30402726,4.831436634
-119.8793058,39.25402726,8.030994415
-113.4626392,39.23736059,15.60083961
-111.5209725,39.23736059,6.933296204
-92.12097257,39.22902726,13.82100773
-111.5043058,39.13736059,4.353621483
-95.18763923,39.05402726,13.73980427
-110.1626392,39.02069393,14.20172215
-76.84597263,39.02069393,13.8506794
-111.5793058,39.01236059,5.508739471
-106.7543058,38.9873606,4.0920434
-94.0293059,38.87069393,14.82419872
-111.6793058,38.80402726,6.296935558
-111.6876392,38.7873606,7.170051098
-8.604306241,38.6373606,17.62857246
-7.99597291,38.5373606,0
-90.80430591,38.47902726,13.52798939
-8.02097291,38.47902726,18.66394043
-119.5376391,38.39569393,3.849286795
-112.6459725,38.3623606,10.52723408
-113.0126392,38.34569393,12.42165756
-112.4376392,38.30402726,3.840622425
-78.1126393,38.2373606,15.73960304
-112.2543058,38.15402727,10.93673515
-112.1709725,38.07069393,3.930315018
-110.7709725,38.07069393,6.406931877
-111.3376392,38.04569393,3.438486338
-94.03763923,37.9873606,14.7931881
-110.7959725,37.97902727,6.681802273
-79.19597263,37.92069393,13.76686668
-112.4376392,37.87069393,7.167610168
-118.4209725,37.77902727,13.8320179
-112.6543058,37.70402727,7.654092312
-109.3626392,37.67069393,12.0007
-112.9293058,37.59569393,6.477092266
-77.00430597,37.57902727,17.78192711
-112.8376392,37.57069393,4.729989052
-113.0543058,37.52902727,6.442517281
-112.2709725,37.52069393,8.356106758
-113.3959725,37.5123606,9.354008675
-111.2626392,37.5123606,14.55799007
-108.1126392,37.50402727,3.518945456
-113.9459725,37.49569393,7.964766979
-113.8459725,37.4873606,11.60723877
-112.5126392,37.4873606,10.27968502
-109.3376392,37.44569393,14.83821869
-113.4626392,37.40402727,7.514139652
-86.03763926,37.1873606,15.60920429
-97.08763922,37.12902727,15.17780113
-113.3543058,37.10402727,18.88734627
-93.8793059,37.07069394,14.89836216
-92.26263924,36.99569394,13.26215839
-105.2376392,36.7873606,6.222735882
-76.7626393,36.6873606,17.08500671
-80.12930596,36.6373606,15.59580517
-105.4543059,36.57902727,3.894770384
-105.3293059,36.41236061,6.169746876
-115.8209725,36.36236061,9.193748474
-115.6709725,36.30402727,6.121460915
-115.6126391,36.26236061,13.02074051
-108.9459725,36.17902727,6.548063278
-115.6126391,36.16236061,10.89545727
-106.0543059,36.08736061,14.67157364
-105.6293059,36.07069394,4.413256645
-106.5459725,36.00402727,7.254532814
-76.64597264,35.87069394,18.1404686
-115.7126391,35.46236061,20.30101585
-90.45430591,35.27902728,17.77470398
-119.5959725,35.12069394,21.43340492
-86.89597259,35.07069394,15.62601089
-86.58763926,35.06236061,16.92371368
-119.4793058,34.97069394,20.36387444
-111.5126392,34.97069394,21.34129143
-91.87930591,34.85402728,17.87838364
-87.98763926,34.82069395,17.20624733
-90.82097258,34.78736061,18.33729744
-86.5459726,34.78736061,16.87101364
-106.7626392,34.77069395,16.45765495
-90.41263925,34.68736061,17.51847649
-86.67930593,34.43736061,16.72988129
-106.6876392,34.35402728,17.41508865
-79.72930596,34.30402728,18.9146328
-91.35430591,34.27902728,18.41970825
-105.4126392,34.25402728,15.01779842
-92.02930591,34.25402728,18.66298676
-87.45430593,34.17902728,16.87320137
-90.89597258,33.97069395,18.67741394
-90.57097258,33.66236062,19.44966316
-88.76263925,33.63736062,19.05971718
-102.7459725,33.62902728,17.45539474
-91.09597258,33.62069395,19.49418259
-102.0376392,33.61236062,17.80073166
-102.3709725,33.55402728,18.13653183
-99.86263921,33.44569395,20.24538803
-105.7876392,33.40402728,6.091547489
-90.51263925,33.08736062,18.73684692
-91.06263924,32.99569395,19.95318794
-90.52097258,32.86236062,18.59547234
-90.92930591,32.75402729,20.21343422
-106.6959725,32.55402729,20.50769234
-85.7459726,32.43736062,20.30630684
-85.91263927,32.41236062,19.72049141
-86.88763926,32.40402729,20.08307648
-98.19597255,32.24569396,19.38845825
-100.5043059,31.54569396,19.26042557
-83.54597261,31.50402729,21.10122299
-96.87930589,31.47902729,21.09256935
-87.55430593,31.11236063,20.43441582
-85.03763927,31.02069396,20.54716492
-87.69597259,30.52069396,21.641222
-88.73763925,30.47069396,20.98030472
79.13736007,30.27069396,9.323866844
-95.97930589,30.08736063,21.0161438
-81.62930595,29.1040273,23.76735878
114.6040266,28.5790273,11.1675005
114.6040266,28.57069397,12.45306969
114.5873599,28.56236064,14.52953243
114.5956933,28.56236064,13.84866238
114.5706933,28.5540273,14.82526875
114.5873599,28.5540273,14.9976759
114.5956933,28.5540273,14.25029659
-16.45430621,28.38736064,11.65911484
-16.44597288,28.38736064,13.39644909
-16.42930621,28.38736064,14.84800053
-16.43763954,28.3790273,13.57291508
-16.42930621,28.3790273,15.79820728
-16.42097288,28.3790273,20.61875153
-16.42930621,28.37069397,20.30797195
-16.46263954,28.36236064,11.35717773
-16.42930621,28.36236064,19.42141724
-16.42930621,28.3540273,19.7368145
-16.41263954,28.3540273,22.78414154
-16.48763954,28.33736064,13.29389191
-16.41263954,28.3290273,23.24343872
-16.39597288,28.31236064,24.99722862
-16.52097288,28.3040273,15.52944088
-16.37930621,28.3040273,25.96826553
-16.75430621,28.2790273,19.73078537
-16.74597288,28.27069397,18.96469116
-16.73763954,28.27069397,18.28827667
-16.72930621,28.27069397,18.61748505
-16.72097288,28.26236064,19.10726547
-16.61263954,28.26236064,18.90042877
-16.77097288,28.2540273,17.10882759
-16.71263954,28.2540273,16.73392105
-16.62097288,28.2540273,17.58158684
-16.61263954,28.2540273,14.55539417
-16.78763954,28.23736064,20.74230385
-16.76263954,28.23736064,18.09662628
-16.79597288,28.2290273,24.26632118
-16.78763954,28.2290273,22.68390465
-16.77097288,28.2290273,17.8657093
-16.75430621,28.2290273,19.65884972
-16.69597288,28.2290273,13.9400835
-16.62930621,28.2290273,15.14497948
-16.79597288,28.22069397,24.1511631
-16.67930621,28.22069397,15.46897411
-16.79597288,28.21236064,23.69256401
-16.63763954,28.21236064,14.69783592
-16.79597288,28.19569397,24.67240524
-16.80430621,28.18736064,28.83156967
-16.65430621,28.1790273,17.18995667
-16.64597288,28.1790273,15.97549343
-16.64597288,28.17069397,15.49849033
-16.62930621,28.14569397,19.60624886
-16.59597288,28.12902731,18.99176598
-16.58763954,28.12069397,19.57025337
-16.57930621,28.11236064,20.50477791
-16.57930621,28.09569397,22.19890404
-16.56263954,28.08736064,23.67484093
-16.54597288,28.03736064,24.2177887
121.5206932,24.37902732,9.409220695
121.5040266,24.34569399,8.411943436
121.3123599,24.32069399,8.256583214
121.3123599,24.30402732,7.89071846
121.4290266,24.29569399,6.737369061
121.5123599,24.27902732,6.091386318
121.4790266,24.20402732,7.360126495
121.3706932,24.19569399,7.602020741
121.4290266,24.15402732,7.688983917
-155.537639,19.95402734,16.36333275
-155.587639,19.91236067,16.8809166
-155.3293057,19.79569401,11.68099499
-155.4209723,19.76236067,12.8122921
-67.04597267,18.47069401,26.12408257
-67.00430601,18.15402735,20.25254822
-66.76263934,18.15402735,21.23348045
-67.16263934,17.98736068,26.80784416
-64.79597268,17.72069401,27.7502079
-15.42930621,15.40402736,32.13408279
-16.45430621,14.49569403,31.12744713
30.47902694,13.27902736,32.98576355
-83.72930594,9.937360711,21.71615791
-2.604306265,6.520694058,27.27837753
-77.54597263,-0.829305912,17.71043587
23.5623603,-19.91263917,25.33740425
118.7540266,-22.82930582,30.420084
-48.72930608,-22.97097249,20.11075211
118.7956932,-22.97097249,29.39150238
118.9540266,-23.09597249,30.08872414
119.1373599,-23.12097249,29.0977726
119.3123599,-23.12930582,28.82605934
119.6373599,-23.27097249,29.11382675
119.7290266,-23.32930582,29.58697319
119.7956932,-23.43763916,29.33990479
31.4956936,-25.02097248,26.14935684
-70.61263933,-25.94597248,17.30497742
-70.60430599,-25.94597248,18.15426064
-70.61263933,-25.95430581,17.73412895
-70.60430599,-25.95430581,17.33459663
-70.61263933,-26.01263914,16.5272789
-70.60430599,-26.01263914,16.37293625
-71.08763932,-30.04597246,15.62641144
-71.09597266,-30.0543058,17.92402077
-71.08763932,-30.0543058,16.52702713
18.31236032,-32.17930579,20.75269318
18.52902698,-32.27930579,21.88260078
19.22069365,-32.27930579,24.00076103
19.13736031,-32.32930579,16.73063087
18.98736032,-32.33763912,21.58369446
20.57902698,-32.33763912,16.47850609
19.00402698,-32.34597245,22.85866928
19.13736031,-32.34597245,15.76696873
19.17069365,-32.34597245,16.02849388
150.6456931,-32.34597245,18.68603325
19.15402698,-32.35430579,16.09125519
19.16236031,-32.35430579,12.38145924
19.17069365,-32.35430579,12.99281502
19.14569365,-32.36263912,16.3476181
150.4373598,-32.38763912,21.14539337
150.3790265,-32.41263912,18.51443291
19.16236031,-32.42097245,17.78544617
19.22069365,-32.43763912,15.44071674
150.2706931,-32.44597245,17.71397781
19.23736031,-32.45430579,17.49874878
-69.09597267,-32.48763912,11.51928043
-69.07097267,-32.48763912,11.8408308
-69.054306,-32.50430579,10.52009964
-69.04597267,-32.51263912,9.041965485
-69.029306,-32.52930579,15.02663231
-69.02097267,-32.52930579,11.46990395
-69.02097267,-32.53763912,11.58844185
151.0206931,-32.54597245,19.07579613
151.3040265,-32.65430579,18.64477348
150.8040265,-32.72097245,17.74462509
151.0456931,-32.72097245,19.30522728
150.5623598,-32.75430578,13.15759087
151.4206931,-32.82930578,16.47521782
150.8123598,-32.87930578,18.17504501
150.6456931,-32.89597245,16.5627327
-71.07930599,-32.92930578,18.23028374
-71.07930599,-32.93763912,21.94957733
-71.07097266,-32.95430578,14.18258476
-71.06263932,-32.95430578,14.35428047
-71.07930599,-32.99597245,16.4870739
151.0790265,-32.99597245,15.59645939
151.3956931,-33.00430578,15.86850071
149.8790265,-33.01263912,16.09189415
151.3540265,-33.04597245,14.57963371
-69.46263933,-33.60430578,13.83584118
-69.43763933,-33.60430578,14.08941936
-69.529306,-33.61263911,3.974244595
-69.49597266,-33.61263911,11.49723911
-69.48763933,-33.61263911,11.37566566
150.1123598,-33.61263911,12.34548759
-69.51263933,-33.62097245,8.771992683
18.89569365,-33.96263911,14.16519833
18.89569365,-33.97097245,14.96101665
-71.90430599,-36.69597244,14.17550659
-71.81263932,-36.75430577,14.57193756
-71.79597266,-36.77930577,13.53270149
-71.77097266,-36.7876391,14.30097485
-71.74597266,-36.80430577,12.49380207
-71.72930599,-36.8126391,11.67699051
-71.62930599,-36.8626391,13.92233372
-71.58763932,-36.87097243,12.20984173
-71.56263932,-36.8876391,12.24477482
-71.53763932,-36.90430577,14.38227558
-71.41263932,-36.90430577,10.49558067
-71.52097266,-36.9126391,12.10126686
-71.51263932,-36.9126391,10.79820538
-71.47930599,-36.9126391,8.698785782
-71.42097266,-36.9126391,8.475535393
-71.41263932,-36.9126391,10.73344326
-71.45430599,-36.92097243,8.687110901
-71.43763932,-36.92097243,13.87135696
-71.42930599,-36.92097243,9.90746212
-71.74597266,-37.32930577,17.13654709
-71.69597266,-37.32930577,14.61074448
-71.62930599,-37.32930577,17.37966537
-71.59597266,-37.3376391,14.86402893
-71.57097266,-37.3376391,15.72391415
-71.81263932,-37.34597243,15.3035841
-71.52930599,-37.3626391,16.15129662
-71.50430599,-37.37097243,14.70126247
-71.35430599,-37.37097243,11.87021255
-71.90430599,-37.3876391,15.35907173
-71.47097266,-37.3876391,15.86617756
-71.39597266,-37.3876391,13.05515862
-71.38763932,-37.3876391,12.57916451
-71.37930599,-37.3876391,12.29010487
-71.45430599,-37.39597243,13.12876415
-71.43763932,-37.39597243,13.18783665
-71.42930599,-37.39597243,14.23087215
-71.42097266,-37.39597243,15.00647449
-71.40430599,-37.39597243,12.91821671
-73.01263932,-37.80430576,6.22165823
-73.01263932,-37.8126391,7.339211464
-73.00430598,-37.82097243,6.557692051
-72.99597265,-37.82097243,6.270240307
-73.17930598,-38.0126391,9.752737999
-71.54597266,-38.42097243,7.659503937
-71.47097266,-38.42930576,9.394395828
-71.51263932,-38.4376391,8.445969582
-71.50430599,-38.4376391,8.52509594
-71.49597266,-38.4376391,8.711163521
-71.48763932,-38.4376391,9.20475769
-71.51263932,-38.45430576,7.935270309
-71.77930599,-38.4626391,11.36489964
-71.74597266,-38.4626391,11.23366547
-71.71263932,-38.4626391,9.186266899
-71.63763932,-38.4626391,9.483656883
-71.52097266,-38.4626391,8.036720276
-71.67930599,-38.47097243,9.840184212
-71.67097266,-38.47097243,10.53254318
-71.58763932,-38.47097243,12.41098499
-71.52097266,-38.47097243,8.596297264
-71.54597266,-38.47930576,11.46665096
-71.54597266,-41.09597242,7.144673824
-71.53763932,-41.09597242,7.95388937
-71.52930599,-41.09597242,8.303924561
-71.55430599,-41.10430575,4.366374493
-71.46263932,-41.17097242,5.44733429
-71.45430599,-41.17097242,4.6515975
-71.44597266,-41.17097242,8.042694092
-71.42097266,-41.17097242,7.846484661
-71.46263932,-41.17930575,6.292626858
-71.45430599,-41.17930575,5.237255573
-71.44597266,-41.17930575,6.46765852
-71.42930599,-41.17930575,6.949034691
-71.70430599,-45.47930573,7.426665783
-71.70430599,-45.48763907,8.480115891
-71.69597266,-45.48763907,9.197839737
37.81236024,-46.87930573,4.665371895
37.82069357,-46.87930573,5.286400795
37.86236024,-46.87930573,6.694573402
37.79569357,-46.88763906,4.043568134
37.77069357,-46.89597239,2.281764984
37.77902691,-46.89597239,2.26938653
37.78736024,-46.89597239,3.639793634
11.82902701,78.92069377,-9.589631081
11.83736034,78.92069377,-1.330831885
16.40402699,78.74569377,-2.434815168
16.46236033,78.71236044,-2.218366623
16.38736033,78.7040271,-4.870434761
15.68736033,78.21236044,-2.727856636
15.70402699,78.21236044,-2.474378347
15.74569366,78.18736044,-0.916614532
15.76236033,78.18736044,-2.0329175
15.92069366,78.18736044,-1.928045273
15.76236033,78.1790271,-2.382160664
15.77069366,78.1790271,-1.434336782
16.02069366,78.17069377,-2.47836566
16.05402699,78.17069377,-2.328910351
16.07069366,78.17069377,-2.913738489
126.4790266,72.37069379,-7.70507431
147.4956931,70.82902713,5.338301659
-148.562639,70.2706938,-4.805682659
26.17069362,70.01236047,2.187002897
26.22902695,70.01236047,0.772718489
26.23736029,70.01236047,1.547211051
26.27902695,70.01236047,1.261142492
26.28736029,70.01236047,2.029113531
26.31236029,70.01236047,2.283820391
26.40402695,70.01236047,1.520543575
26.25402695,70.00402714,0.680288196
26.27902695,70.00402714,1.108739376
26.29569362,70.00402714,1.092800498
26.30402695,70.00402714,1.567709446
26.31236029,70.00402714,1.25044477
26.33736029,70.00402714,2.432016611
26.13736029,69.9956938,-0.198513985
26.23736029,69.9956938,1.022820592
26.29569362,69.9956938,-0.263787895
26.12069362,69.98736047,2.528591394
26.16236029,69.98736047,0.54850018
26.18736029,69.98736047,1.936165214
26.19569362,69.98736047,2.863367796
26.24569362,69.98736047,2.519258022
26.25402695,69.98736047,2.154533625
26.10402695,69.97902714,3.353665113
26.15402695,69.97902714,2.498681545
26.24569362,69.97902714,2.235223532
26.29569362,69.97902714,2.819631577
26.32902695,69.97902714,2.471679926
26.36236029,69.97902714,2.817516804
26.37069362,69.97902714,2.071911573
26.20402695,69.9706938,0.506363332
26.40402695,69.9706938,3.267424345
26.42069362,69.9706938,3.926823616
26.31236029,69.96236047,2.972454071
26.13736029,69.95402714,0.810942113
26.30402695,69.95402714,1.199463964
26.32069362,69.95402714,3.719746351
26.33736029,69.95402714,2.967536926
26.34569362,69.95402714,3.182086706
26.35402695,69.95402714,3.743287563
26.36236029,69.95402714,3.183736801
26.37902695,69.95402714,3.847097635
26.38736029,69.95402714,3.549878836
26.42069362,69.95402714,3.568014622
26.19569362,69.9456938,2.983189344
26.20402695,69.9456938,3.212500572
26.22069362,69.9456938,3.035839558
26.23736029,69.9456938,3.451276302
26.34569362,69.9456938,2.219228983
26.37069362,69.9456938,3.355490923
26.37902695,69.9456938,3.968390465
26.38736029,69.9456938,3.590463877
26.39569362,69.9456938,3.940546989
26.40402695,69.9456938,3.590770006
26.42069362,69.9456938,4.02463913
26.09569362,69.93736047,3.560172796
26.10402695,69.93736047,3.099987507
26.11236029,69.93736047,3.153883457
26.22069362,69.93736047,2.932517767
26.32902695,69.93736047,3.087838411
26.33736029,69.93736047,3.281939983
26.36236029,69.93736047,3.891627789
26.38736029,69.93736047,2.868626595
26.39569362,69.93736047,3.419128656
26.40402695,69.93736047,3.974204302
26.42069362,69.93736047,3.456922293
26.08736029,69.92902714,2.962195158
26.18736029,69.92902714,2.876502991
26.33736029,69.92902714,2.123844624
26.37069362,69.92902714,3.872447968
26.38736029,69.92902714,3.752629757
26.39569362,69.92902714,3.300558329
26.40402695,69.92902714,3.657244205
-138.9126391,69.57902714,-3.439672709
20.81236031,69.07902714,0.321577042
20.82069364,69.07902714,-0.084843934
20.73736031,69.07069381,1.717162609
20.74569364,69.07069381,2.006223679
20.75402697,69.07069381,2.268951178
20.79569364,69.07069381,0.95045501
20.80402697,69.07069381,2.3300035
20.81236031,69.07069381,1.496996522
20.82069364,69.07069381,1.430588722
20.82902697,69.07069381,1.19978416
20.73736031,69.06236047,0.734450161
20.74569364,69.06236047,0.866687894
20.75402697,69.06236047,2.20103097
20.79569364,69.06236047,1.15230608
20.80402697,69.06236047,2.049431324
20.81236031,69.06236047,1.515755892
20.82069364,69.06236047,1.745528936
20.82902697,69.06236047,1.460686445
20.83736031,69.06236047,1.288750291
20.74569364,69.05402714,-0.886195719
20.78736031,69.05402714,2.862543106
20.79569364,69.05402714,3.083671331
20.80402697,69.05402714,1.668439031
20.81236031,69.05402714,0.933172464
20.82069364,69.05402714,-0.051106855
20.82902697,69.05402714,0.955104172
20.83736031,69.05402714,1.629487038
-148.837639,69.04569381,-2.069955111
-148.8293057,69.04569381,-2.002315998
20.80402697,69.04569381,2.774756193
20.81236031,69.04569381,3.061816931
20.82069364,69.04569381,-0.240851805
20.82902697,69.04569381,-0.207886487
20.83736031,69.04569381,-0.296267748
20.82902697,69.03736047,3.089874744
20.83736031,69.03736047,3.336570978
21.33736031,68.79569381,1.452040792
21.34569364,68.79569381,1.941449046
21.33736031,68.78736048,1.176413178
21.29569364,68.77902714,1.934896231
21.30402697,68.77902714,2.070917606
21.32069364,68.77902714,1.759473324
21.33736031,68.77902714,1.069688082
21.34569364,68.77902714,1.497068882
21.35402697,68.77902714,0.666244447
21.36236031,68.77902714,1.606015801
21.37069364,68.77902714,1.698238373
21.37902697,68.77902714,2.171869516
21.33736031,68.77069381,2.281929016
161.3373597,68.61236048,-2.933777571
18.53736032,68.51236048,2.691991329
18.57069365,68.51236048,2.387268305
18.88736032,68.45402714,2.87063098
18.59569365,68.42902714,2.630413294
18.19569365,68.42069381,3.046738386
18.23736032,68.42069381,2.822579384
18.49569365,68.36236048,1.093293905
18.52069365,68.35402714,-1.747362733
18.32902698,68.34569381,-2.57962656
18.33736032,68.34569381,-1.917610765
18.50402698,68.34569381,-0.081340805
18.92069365,68.31236048,0.427366674
21.37069364,68.30402714,-0.007410382
21.43736031,68.30402714,2.420729637
21.34569364,68.29569381,1.019693136
21.42069364,68.29569381,0.2626248
21.43736031,68.29569381,2.147106886
-149.6793057,68.02902715,-0.661338925
24.21236029,67.99569381,3.987581491
-149.7459723,67.94569381,-1.064340115
-162.2793056,67.93736048,0.62046957
65.6040268,67.00402715,-5.704763889
65.5790268,66.99569382,-5.1972332
65.58736013,66.99569382,-4.820114136
-50.73763941,66.95402715,0.227423817
-50.72097274,66.95402715,-1.671486259
-50.71263941,66.95402715,-2.538741112
65.68736013,66.94569382,-3.712998867
65.77069346,66.91236048,-3.909730196
-151.7459723,66.17902715,-0.035115167
-17.09597287,65.90402715,2.91592288
-17.08763954,65.90402715,2.799594164
-17.09597287,65.89569382,2.99663353
-17.08763954,65.89569382,2.579107761
19.03736031,65.81236049,3.782479048
19.04569365,65.81236049,3.044991732
18.73736032,65.78736049,3.509070873
19.10402698,65.77069382,3.403609037
18.61236032,65.60402716,4.049214363
18.33736032,65.57902716,3.980268955
18.40402698,65.57069382,3.593236685
-164.712639,65.40402716,-2.089463711
19.43736031,65.37902716,4.132706642
-146.5959724,65.37069382,1.12035358
-19.6793062,65.13736049,1.877239704
-19.67097286,65.13736049,1.757957578
-19.66263953,65.13736049,1.764097571
-19.67097286,65.12902716,1.863349795
-19.66263953,65.12902716,1.997205973
-148.2793057,64.77069383,2.427932024
-148.3043057,64.70402716,3.578512669
148.3040265,64.70402716,2.365613937
-156.712639,64.69569383,0.586150169
-148.912639,64.68736049,2.807535172
100.21236,64.28736049,2.038384676
19.55402698,64.17902716,5.237709999
19.45402698,64.11236049,4.067542076
-160.7459723,63.9123605,0.651957691
20.31236031,63.82069383,5.771698475
-147.6459724,63.30402716,2.236469507
29.78736027,63.02069383,4.843104839
30.3206936,62.87069383,5.144961357
30.3456936,62.87069383,5.207383156
30.93736027,62.7873605,5.413103104
30.9456936,62.7873605,5.7796731
29.77069361,62.70402717,6.047383308
29.73736027,62.69569383,4.997217178
29.67902694,62.67902717,5.019720554
29.57902694,62.67069383,6.362827778
29.58736027,62.67069383,5.851251125
29.07902694,62.64569383,5.246737003
-150.7793057,62.62902717,3.127004147
30.33736027,62.6123605,5.291780949
30.2706936,62.60402717,5.049705982
29.42902694,62.55402717,4.869926453
29.18736027,62.50402717,5.358411789
30.21236027,62.45402717,4.482908726
30.31236027,62.44569383,5.418705463
30.17902694,62.4373605,5.375989914
30.11236027,62.42069383,4.628800392
30.2206936,62.4123605,6.13670826
30.2206936,62.37069383,4.659487247
30.21236027,62.3623605,5.048020363
9.437360353,62.34569383,-2.408331633
9.445693687,62.34569383,-2.861834288
30.3206936,62.32902717,5.039290428
30.3706936,62.32902717,4.809831142
9.45402702,62.30402717,0.023284663
9.462360353,62.30402717,0.067928545
9.487360353,62.29569384,-1.673102498
9.662360352,62.2623605,1.528539658
29.77069361,62.14569384,5.718861103
-165.1209723,61.36236051,2.652364969
-45.37097276,61.18736051,2.751005173
-45.38763943,61.17069384,2.163235903
-45.38763943,61.15402717,2.286780834
-45.37930609,61.15402717,2.951909781
6.629027031,61.08736051,3.981486559
9.079027021,61.03736051,5.903925896
-138.4043057,61.02902717,2.325864315
8.120693692,61.02069384,3.241907597
6.412360365,60.93736051,3.340542793
14.379027,60.88736051,5.727442265
7.170693696,60.87902717,5.057545662
7.179027029,60.87902717,4.943067551
7.179027029,60.82902717,3.607985735
7.279027029,60.82069384,2.492106915
8.704027023,60.82069384,4.854296207
89.3540267,60.80402717,4.949102402
5.962360367,60.68736051,4.906332016
6.337360366,60.66236051,5.253506184
6.512360365,60.54569384,3.704035521
17.83736032,60.12902718,5.550298214
17.92069365,60.12902718,6.364277363
17.47902699,60.08736051,6.147246838
-156.987639,59.82069385,2.22588563
-151.3793057,59.68736051,13.09492207
-64.23763935,59.41236051,-2.666152954
-64.09597269,59.20402718,-1.490122795
-154.2793057,59.08736051,4.180887222
-63.74597269,59.00402718,0.422227502
-63.60430602,58.94569385,1.323148966
-63.66263935,58.92069385,0.615321517
-63.35430602,58.87902718,0.638522923
-156.5709723,58.67069385,3.25364852
-63.35430602,58.63736052,-0.826776803
-63.34597269,58.63736052,0.737311959
-62.79597269,58.45402718,-0.508484244
14.329027,58.02902719,7.856646538
-3.862639594,57.09569386,5.048744678
-3.845972927,57.08736052,4.118764877
-3.82930626,57.07902719,4.071439743
-3.812639594,57.07902719,3.522949934
-5.020972922,56.65402719,3.433408022
-5.037639589,56.64569386,2.711365938
-5.029306256,56.64569386,3.857373953
-3.795972927,56.60402719,6.117479324
-4.204306259,56.57069386,4.531619072
-4.229306259,56.54569386,4.313797474
-4.220972925,56.54569386,3.709839582
-4.295972925,56.52902719,4.811215878
-4.320972925,56.50402719,5.270724773
9.587360353,56.48736053,5.879249573
32.92069359,56.46236053,6.027501583
32.90402693,56.44569386,6.607975006
92.95402669,56.37069386,3.827772617
14.76236033,56.35402719,8.28298378
13.554027,56.26236053,7.271208763
-3.204306263,55.96236053,8.880164146
-2.862639598,55.90402719,9.064637184
-3.204306263,55.86236053,7.63315773
-3.245972929,55.79569386,7.81504488
12.08736034,55.68736053,9.375225067
12.19569368,55.68736053,9.442214012
12.10402701,55.67902719,9.60408783
13.08736034,55.66236053,6.98765564
12.09569368,55.5290272,12.24266911
11.64569368,55.48736053,7.845126152
59.90402682,55.37069386,1.826361656
59.14569349,54.82069387,-0.55810684
89.9540267,54.77069387,2.393802881
90.0040267,54.7290272,6.715912819
18.07902699,54.72069387,8.51429081
58.89569349,54.5540272,0.302783519
58.83736016,54.52069387,-0.299598634
13.53736034,54.3290272,9.277022362
18.42902698,54.2540272,8.531251907
18.13736032,54.23736053,7.718232155
12.32069368,54.12069387,8.969809532
13.479027,54.0790272,9.248186111
13.51236034,54.0540272,8.884422302
13.51236034,54.04569387,8.944156647
13.68736034,53.86236054,9.947888374
20.46236031,53.61236054,8.27068615
6.354027032,53.39569387,11.55985641
13.12902701,53.38736054,8.999274254
14.729027,53.32069387,8.944417
18.90402698,53.29569387,8.971797943
13.829027,53.11236054,9.31251049
16.31236033,52.76236054,7.744927406
14.56236033,52.71236054,9.359649658
16.29569366,52.43736054,10.7770834
5.687360368,52.25402721,9.732105255
5.070693704,52.23736054,11.25528908
5.745693701,52.17069388,10.56092262
-8.754306241,51.98736054,9.258889198
4.929027038,51.97069388,9.511406898
4.904027038,51.95402721,8.4197855
14.03736033,51.89569388,14.16042709
4.637360372,51.65402721,15.74014282
-1.262639604,51.45402721,10.52961826
10.37069368,51.32902721,7.913672924
4.520693706,51.30402721,10.74811745
10.65402702,51.27902721,9.211112976
-2.829306264,51.20402721,11.08147526
4.412360373,51.16236055,11.64740849
-0.854306272,51.15402721,9.799149513
10.91236035,51.09569388,10.09564877
10.45402702,51.07902721,7.702510834
13.48736034,50.96236055,8.885931015
13.56236034,50.96236055,8.339091301
13.51236034,50.95402721,9.76255703
14.429027,50.92902721,7.769654274
14.43736033,50.92902721,7.053363323
14.44569367,50.92902721,7.600656986
14.39569367,50.92069388,6.91908884
14.404027,50.92069388,7.115637779
14.41236033,50.92069388,7.102283955
14.404027,50.91236055,7.493793964
14.41236033,50.91236055,8.783165932
14.404027,50.90402721,8.122768402
14.41236033,50.90402721,7.882246494
14.42069367,50.90402721,7.605275631
13.52069367,50.89569388,9.144678116
14.39569367,50.89569388,7.657378197
14.39569367,50.88736055,8.051122665
14.404027,50.88736055,6.580065727
14.41236033,50.88736055,7.460978985
14.329027,50.87902721,8.002985954
14.34569367,50.87902721,8.064843178
14.37069367,50.87902721,7.660534859
14.379027,50.87902721,7.729973316
14.41236033,50.87902721,9.303548813
6.445693699,50.87069388,10.40465355
14.379027,50.87069388,7.109383106
14.41236033,50.87069388,7.453120708
14.42069367,50.87069388,8.418775558
14.429027,50.87069388,7.756201744
6.445693699,50.86236055,11.63337898
14.31236033,50.86236055,7.806187153
14.42069367,50.86236055,7.81189537
14.43736033,50.86236055,9.217321396
14.68736033,50.83736055,6.857036114
13.72069367,50.78736055,6.040315628
15.53736033,50.73736055,6.622473717
13.84569367,50.69569388,7.893692493
6.304027032,50.62069388,9.06017971
13.99569367,50.62069388,8.702776909
14.004027,50.62069388,8.547087669
14.09569367,50.62069388,8.716466904
14.104027,50.62069388,7.538874626
14.19569367,50.61236055,7.696492195
13.979027,50.59569388,9.061875343
14.029027,50.59569388,9.005954742
14.08736033,50.59569388,8.060495377
14.104027,50.59569388,8.131104469
14.14569367,50.59569388,7.549156666
14.17069367,50.59569388,8.522557259
14.18736033,50.59569388,8.564949989
14.19569367,50.59569388,8.327215195
14.08736033,50.58736055,9.11452961
13.929027,50.57902722,8.958765984
13.96236034,50.57902722,8.291098595
14.004027,50.57902722,8.533290863
13.89569367,50.57069388,9.167550087
14.01236033,50.57069388,7.938088417
6.0706937,50.56236055,8.497047424
4.745693705,50.55402722,10.8742094
13.904027,50.55402722,7.992986679
14.04569367,50.55402722,8.951640129
14.054027,50.55402722,9.064620972
13.94569367,50.54569388,8.593482018
14.79569367,50.54569388,8.868738174
14.02069367,50.53736055,8.86567688
13.91236034,50.52902722,8.140144348
13.929027,50.52902722,8.072085381
13.954027,50.52902722,7.925794125
13.86236034,50.52069388,7.134960651
13.86236034,50.51236055,7.582490921
13.88736034,50.51236055,7.71747303
13.92069367,50.51236055,8.020121574
13.904027,50.50402722,8.001829147
13.92069367,50.49569388,9.19600296
13.929027,50.49569388,9.219441414
13.98736034,50.49569388,8.757872581
13.87069367,50.48736055,8.285235405
13.92069367,50.47902722,8.917900085
15.254027,50.47902722,8.902946472
13.78736034,50.47069388,9.631352425
11.45402701,50.45402722,6.213096619
13.00402701,50.38736055,6.770970345
12.55402701,50.37902722,6.90015173
15.454027,50.32902722,10.1596756
15.46236033,50.32902722,10.03720856
15.58736033,50.32902722,9.289460182
15.44569366,50.32069388,9.99434185
15.454027,50.32069388,10.1567173
15.46236033,50.32069388,9.967350006
5.9956937,50.30402722,8.027703285
14.804027,50.26236055,10.58075619
15.69569366,50.26236055,9.436084747
13.68736034,50.11236055,9.70162487
16.59569366,50.10402722,7.535953522
17.25402699,50.07902722,4.594248295
17.25402699,50.06236055,4.924144745
15.254027,50.04569388,10.80651665
14.554027,49.99569388,9.30759716
14.56236033,49.99569388,10.20505047
14.54569367,49.98736055,9.085993767
14.554027,49.98736055,9.34294796
14.56236033,49.98736055,9.315063477
14.57069367,49.98736055,NA
14.54569367,49.97902722,9.405139923
14.13736033,49.97069388,10.17560196
14.14569367,49.97069388,9.490561485
14.13736033,49.96236055,10.23168564
14.14569367,49.96236055,9.799073219
14.17069367,49.96236055,9.100646973
16.58736032,49.96236055,8.360272408
14.154027,49.95402722,9.805588722
17.14569366,49.95402722,7.421744823
14.11236033,49.94569388,9.566308975
14.16236033,49.94569388,9.407855034
14.18736033,49.94569388,10.87451553
14.08736033,49.93736055,9.639399529
14.104027,49.93736055,9.675711632
14.11236033,49.93736055,9.753417015
14.12069367,49.93736055,10.39270878
14.129027,49.93736055,9.528204918
14.17069367,49.93736055,10.59868431
14.19569367,49.93736055,10.12316704
14.204027,49.93736055,11.44249058
14.08736033,49.92902722,9.35677433
14.09569367,49.92902722,9.366553307
14.21236033,49.92902722,9.557623863
14.22069367,49.92902722,10.76756954
14.129027,49.92069388,9.565731049
14.09569367,49.91236055,9.996352196
14.11236033,49.91236055,10.46888161
14.09569367,49.90402722,9.725669861
14.104027,49.90402722,9.869236946
14.12069367,49.90402722,9.128448486
14.104027,49.89569388,9.564516068
14.11236033,49.89569388,9.334928513
14.12069367,49.89569388,9.806520462
14.129027,49.89569388,9.091388702
14.09569367,49.88736055,9.352955818
14.104027,49.88736055,9.803835869
14.12069367,49.88736055,10.19700146
14.129027,49.88736055,10.89606285
14.24569367,49.75402722,9.357526779
14.91236033,49.68736055,9.207597733
14.13736033,49.61236055,8.986278534
13.254027,49.52902722,9.293995857
18.53736032,49.50402722,5.14592886
18.22902698,49.49569389,7.045718193
18.54569365,49.49569389,9.26462841
16.12902699,49.46236055,7.704477787
15.02069366,49.39569389,8.169343948
17.77902699,49.36236055,8.05506897
16.74569366,49.32069389,7.843599796
16.64569366,49.27902722,8.794836998
16.60402699,49.26236055,9.66900444
13.59569367,49.24569389,9.393330574
16.12069366,49.24569389,9.339909554
13.16236034,49.23736055,8.72535038
20.16236031,49.22069389,3.559185743
20.16236031,49.21236055,4.307088375
19.97069364,49.20402722,2.314078331
19.11236031,49.18736055,6.799488544
19.94569364,49.17902722,2.298374414
19.95402698,49.17902722,3.733912945
13.18736034,49.17069389,5.237887383
17.32902699,49.16236055,8.95081234
20.01236031,49.16236055,0.779565811
20.26236031,49.16236055,NA
17.54569365,49.15402722,10.16984367
20.02069364,49.15402722,3.283603668
17.87069365,49.14569389,9.198998451
20.02069364,49.14569389,2.453891516
20.10402698,49.12902722,4.897902012
13.329027,49.12069389,6.51393795
20.16236031,49.12069389,6.783005714
8.070693692,49.11236055,10.74593449
13.329027,49.11236055,5.751317501
13.31236034,49.10402722,5.240828514
13.329027,49.10402722,5.681056499
13.34569367,49.10402722,5.639702797
16.22902699,49.10402722,9.708573341
13.304027,49.09569389,8.599162102
13.33736034,49.09569389,6.173593998
13.34569367,49.07902722,6.386284828
18.08736032,49.07069389,8.859758377
15.029027,49.03736055,8.83690834
15.24569366,49.03736055,8.193067551
14.77069367,49.02069389,8.024691582
17.53736032,49.01236055,9.783017159
19.19569365,49.01236055,4.270274162
17.87069365,49.00402722,8.286293983
13.82069367,48.99569389,5.214513779
13.46236034,48.98736056,5.688194275
19.38736031,48.95402722,5.824037552
15.67902699,48.89569389,9.35090065
16.66236032,48.87902722,10.34663677
10.73736035,48.86236056,9.581022263
1.945693717,48.84569389,11.13103485
-116.4626391,48.72069389,6.509357452
19.53736031,48.63736056,6.92751646
19.04569365,48.62902722,7.996964455
24.09569363,48.56236056,5.347435474
24.09569363,48.55402722,3.900622845
19.12902698,48.53736056,9.041742325
19.16236031,48.53736056,8.79254055
19.17902698,48.53736056,9.018083572
19.22069365,48.50402722,8.338036537
19.01236031,48.38736056,8.52703476
-111.9209725,48.30402722,9.108354568
11.09569368,48.29569389,7.354822159
11.06236035,47.82902723,NA
11.32902701,47.80402723,9.600320816
-104.2459725,47.77069389,8.081720352
10.97069368,47.72902723,NA
-96.26263922,47.72069389,7.602290154
15.16236033,47.62069389,1.759058475
15.12069366,47.61236056,0.991736114
15.129027,47.61236056,1.112905264
24.62902696,47.60402723,1.765475988
15.08736033,47.59569389,3.998720407
15.09569366,47.59569389,2.282059669
24.63736029,47.58736056,1.668697476
24.62902696,47.57902723,1.92650485
24.62069363,47.57069389,2.88906312
-107.1293058,47.52069389,9.096553802
8.362360358,47.47902723,9.486453056
11.01236035,47.47902723,8.868722916
11.80402701,47.39569389,10.1065073
7.729027027,47.28736056,10.63222218
7.73736036,47.28736056,10.1820116
8.412360357,47.21236056,11.27627563
11.32069368,47.1206939,8.63422966
8.537360357,47.11236056,8.719232559
11.09569368,47.03736056,0.769468606
11.10402701,47.03736056,0.601653099
6.837360364,46.98736056,9.139807701
9.854027018,46.81236056,4.261992931
-117.0793058,46.78736056,9.96086216
9.870693685,46.77902723,3.9767735
-100.9126392,46.7706939,7.232655525
9.862360352,46.7706939,3.952882528
10.87902701,46.75402723,-1.906755209
11.16236035,46.7456939,4.630727768
10.42902702,46.73736056,2.632533789
11.11236035,46.73736056,1.533479333
10.96236035,46.72902723,0.158777833
10.38736035,46.71236056,-1.838746071
10.32902702,46.6956939,0.588160694
10.27902702,46.68736056,-0.649959266
19.60402698,46.68736056,11.70193005
10.14569368,46.6456939,0.677355707
10.23736035,46.6456939,2.812097788
10.33736035,46.6456939,2.410727739
10.24569368,46.63736056,3.842730999
9.787360352,46.58736056,10.35101128
11.43736035,46.58736056,5.313267231
11.81236034,46.5206939,-0.61112088
-115.7959725,46.4956939,7.059913158
30.33736027,46.45402723,13.18227768
11.59569368,46.38736057,0.095504366
11.59569368,46.37902723,1.829146385
11.60402701,46.37902723,2.038434982
10.49569368,46.33736057,1.94524014
11.56236034,46.32902723,3.308532238
7.137360362,46.2956939,7.518808842
7.154027029,46.2956939,7.610888004
7.079027029,46.28736057,9.180650711
7.02902703,46.2706939,12.95777035
7.054027029,46.2706939,14.07744217
7.02902703,46.26236057,10.7732954
7.00402703,46.2456939,12.67070961
-117.3959725,46.23736057,8.349164009
7.387360361,46.22902723,11.51802254
7.395693695,46.2206939,11.39196968
7.412360361,46.18736057,7.782835484
7.462360361,46.1456939,9.173384666
11.37902701,46.11236057,2.679377556
11.70402701,46.11236057,6.133707523
11.83736034,46.11236057,2.865114689
11.85402701,46.10402723,2.403485775
7.504027028,46.0956939,12.61226559
7.495693694,46.08736057,8.255008698
7.495693694,46.07902723,6.782311916
7.245693695,46.02902723,3.759230852
7.204027029,46.0206939,2.583130598
11.03736035,46.0206939,5.802351952
11.04569368,46.0206939,6.552803993
11.04569368,46.01236057,7.312033653
7.229027029,45.9956939,-0.290586025
7.237360362,45.9956939,-2.049324036
11.27902701,45.95402723,5.484058857
11.28736035,45.95402723,4.278808594
7.695693694,45.9206939,-1.547657609
7.579027027,45.8456939,4.763016224
7.562360361,45.82902723,4.347727299
8.637360356,45.81236057,11.8173399
12.44569367,45.7456939,NA
7.545693694,45.66236057,1.758260608
2.73736038,45.6456939,10.72013474
7.595693694,45.6456939,4.530334949
7.554027027,45.63736057,2.002767801
24.96236029,45.63736057,4.968017101
24.60402696,45.5706939,4.810955048
8.879027022,45.2956939,11.64701557
9.062360355,45.20402724,13.20601177
7.579027027,45.15402724,11.35974693
-109.2793058,45.1456939,7.979011536
-109.2793058,45.13736057,7.537209511
-109.3126392,45.10402724,7.421593189
-109.3709725,45.08736057,3.81395483
-109.3293058,45.08736057,7.342826366
-109.3876392,45.07902724,4.28605938
-109.3793058,45.07902724,3.139774084
8.720693689,45.0706939,13.5658865
-109.3959725,45.06236057,4.603672028
-109.4126392,45.0456939,-0.242094845
-109.4209725,45.03736057,4.135361671
-109.4126392,45.03736057,4.560794353
-109.4043058,45.03736057,1.055475354
-109.4293058,45.02902724,2.509397745
-109.4126392,45.02902724,3.497075558
-109.4043058,45.02902724,0.271449685
-109.4043058,45.0206939,1.992500663
-109.4043058,45.01236057,0.88963598
-109.4209725,44.9956939,-1.199688435
-109.4293058,44.97902724,1.644038439
-110.4043058,44.91236057,5.300693989
-110.3876392,44.88736057,4.625934124
-110.3793058,44.87902724,4.144963741
-110.3876392,44.8706939,10.99894428
-110.4126392,44.86236057,6.793226242
-110.4043058,44.86236057,4.326411724
-110.4209725,44.85402724,5.816199303
-110.4126392,44.85402724,7.546834469
-110.4293058,44.8456939,6.914649963
-110.4459725,44.83736057,1.995458603
-110.4376392,44.83736057,6.940502644
-110.4459725,44.82902724,3.355302095
-110.4459725,44.82069391,1.387654781
-110.4376392,44.81236057,1.021975279
-110.4376392,44.80402724,0.816713691
-110.4376392,44.79569391,0.648966312
-110.4293058,44.79569391,2.187275887
-116.0876391,44.78736057,7.772049904
11.08736035,44.68736057,14.91410923
-107.1793058,44.54569391,3.858322382
-72.82930598,44.53736057,6.90602541
-110.8376392,44.45402724,5.929304123
-110.8209725,44.45402724,6.425234318
-110.8126392,44.45402724,6.220188141
-110.8043058,44.44569391,4.286957264
-110.8043058,44.43736057,4.660305977
-110.7959725,44.43736057,4.842788219
-110.7876392,44.43736057,2.551722765
-110.7376392,44.43736057,3.963106632
-110.7293058,44.43736057,4.405724049
-110.7209725,44.43736057,4.429252625
-110.7626392,44.42902724,6.127010822
-110.7459725,44.42902724,3.515236139
10.05402702,44.37902724,6.698295593
10.06236035,44.37069391,6.056214809
10.07069368,44.37069391,6.223633289
10.08736035,44.36236057,6.454313755
10.11236035,44.36236057,7.549750805
10.13736035,44.36236057,9.085534096
10.09569368,44.35402724,6.481521606
-107.0126392,44.34569391,3.018046141
10.20402702,44.32902724,4.758184433
10.23736035,44.30402724,8.166127205
10.24569368,44.27902724,5.08983469
10.41236035,44.27902724,5.702762127
10.40402702,44.25402724,4.038245678
-122.1376391,44.24569391,7.243387699
10.40402702,44.24569391,3.859760284
-99.92930588,44.23736057,9.716392517
10.37902702,44.22902724,8.383867264
-122.2626391,44.22069391,8.724721909
10.37902702,44.22069391,6.96477747
-122.2543058,44.21236057,11.94147587
10.38736035,44.21236057,8.3540411
10.69569368,44.20402724,5.600531101
10.61236035,44.12069391,5.747295856
-110.9293058,43.77902724,2.785541058
10.28736035,43.72902724,14.17742443
2.179027049,43.41236058,11.20367241
141.8123598,43.32069391,10.05704021
11.27069368,43.30402724,12.36345005
-116.8459725,43.28736058,7.983697414
-116.7126391,43.17069391,11.22797298
-116.7376391,43.14569391,10.71243954
-116.7459725,43.06236058,5.916269302
-73.02930598,43.05402725,7.43345499
-117.0126391,42.94569391,12.55374241
-77.02930597,42.88736058,10.7488184
-109.4126392,42.71236058,2.783302069
0.054027057,42.66236058,0.904017806
-0.012639609,42.65402725,1.963904142
0.029027058,42.65402725,3.637753487
0.029027058,42.64569391,4.5265131
-0.062639609,42.63736058,5.05873251
10.07902702,42.58736058,20.01385117
-109.0876392,42.57902725,5.127104759
-72.17930599,42.53736058,8.581723213
44.49569355,42.53736058,4.45819521
44.45402688,42.49569391,4.361871243
44.50402688,42.49569391,3.351164818
44.51236021,42.49569391,1.152941585
8.920693689,42.46236058,4.711290359
-95.76263923,42.43736058,10.35314941
11.92902701,42.40402725,14.17859459
8.945693689,42.38736058,5.777201176
11.92069368,42.38736058,12.80158043
8.937360355,42.37902725,2.930370331
11.91236034,42.37902725,14.02804279
12.02069368,42.37902725,14.51651192
12.02902701,42.37902725,16.13811493
11.92069368,42.37069391,8.955956459
11.92069368,42.18736058,13.94030285
14.12069367,42.10402725,0.752454937
14.08736033,42.08736058,2.913916111
14.104027,42.06236058,0.808822572
14.104027,42.05402725,1.48940897
14.09569367,42.03736058,2.265435696
14.09569367,42.02902725,3.876452923
-121.3876391,42.02069392,10.77003288
-93.7293059,42.02069392,9.572836876
128.0123599,41.99569392,2.357568502
128.0206932,41.99569392,1.886835575
128.0040265,41.98736058,3.236611366
128.0123599,41.98736058,0.275088817
-111.5959725,41.97069392,5.274877548
-111.4709725,41.92069392,4.890989304
-113.4126392,41.91236058,4.330857754
13.604027,41.90402725,10.99467659
-111.5709725,41.88736058,7.073243618
-115.0793058,41.86236058,6.592109203
-111.5043058,41.86236058,4.702791214
13.58736034,41.84569392,6.164237976
2.412360381,41.81236058,10.22207069
-111.5459725,41.79569392,4.899168491
-81.07930595,41.79569392,11.73949528
-113.8209725,41.77902725,10.28479004
-111.6043058,41.77902725,6.495466232
-111.5959725,41.77902725,11.67220306
-113.2876392,41.77069392,11.32100105
-111.6043058,41.77069392,10.18871975
-111.5959725,41.77069392,12.81853104
-111.5959725,41.76236058,8.242407799
-111.5876392,41.76236058,8.371247292
12.35402701,41.70402725,15.98788357
12.37902701,41.70402725,14.09066963
-118.9959725,41.48736059,6.402287483
-111.4959725,41.46236059,4.085034847
-111.8293058,41.40402725,8.492491722
-106.3459725,41.37902725,2.957074165
-71.77930599,41.36236059,11.71632195
1.029027054,41.34569392,12.89343357
1.037360387,41.34569392,12.62677765
1.004027054,41.33736059,11.70495415
-111.3043058,41.32902725,6.771318436
1.820693717,41.30402725,14.28421497
-111.4126392,41.24569392,4.611875534
-111.3626392,41.22069392,6.629532814
-111.6876392,41.00402725,10.08372116
-111.8126392,40.93736059,6.045496941
-110.5043058,40.91236059,3.435618639
-117.5876391,40.88736059,8.293894768
-104.7293059,40.87069392,11.60764503
-115.1209725,40.86236059,6.378461838
-110.7959725,40.86236059,5.019675732
-96.46263922,40.85402725,11.93447781
-111.7126392,40.83736059,4.438520908
-110.0043058,40.83736059,3.177868843
-111.7626392,40.82902725,6.531100273
-111.0959725,40.78736059,6.130216122
-111.6293058,40.76236059,7.866758347
-76.6626393,40.67069392,13.24449158
-111.6376392,40.66236059,5.059911728
8.154027025,40.60402726,17.74246407
-112.3959725,40.58736059,13.73800564
-110.3543058,40.55402726,6.002974033
-110.6959725,40.54569392,5.35312891
14.954027,40.52069392,17.36074829
-105.7626392,40.51236059,2.835157871
-115.5126391,40.44569392,6.90049839
-111.6126392,40.42902726,5.7207551
-101.7209725,40.37069392,10.21945572
-89.89597258,40.32069392,13.08937359
-93.71263923,40.25402726,13.00446415
-110.3043058,40.17902726,10.55260658
-111.2043058,40.16236059,5.798176765
-118.4959725,40.09569392,13.65268421
-105.5626392,40.04569392,3.091721773
-105.5543059,40.04569392,2.584392071
-105.5626392,40.03736059,4.065358639
-105.5543059,40.03736059,3.910205126
-114.0043058,39.98736059,11.24182892
-83.44597261,39.95402726,12.30112362
-111.6293058,39.92902726,7.421477318
-110.7459725,39.89569392,5.334738255
-99.32930588,39.78736059,12.26878929
-113.9793058,39.73736059,5.615296841
-111.3209725,39.68736059,6.361390591
-111.8709725,39.64569393,11.67208958
-114.6293058,39.55402726,6.778619766
-110.8043058,39.52902726,12.56172657
-111.7209725,39.49569393,6.825417995
16.53736032,39.47902726,7.41745472
-117.6209725,39.46236059,9.060776711
-111.2459725,39.41236059,5.842886925
-112.3293058,39.34569393,7.40657568
-0.320972941,39.34569393,18.07402611
-111.4876392,39.32069393,6.649842739
-111.4293058,39.31236059,5.080038071
-111.4543058,39.30402726,4.873636723
-119.8793058,39.25402726,7.857622147
-113.4626392,39.23736059,15.65708447
-111.5209725,39.23736059,6.498321533
-92.12097257,39.22902726,13.7021904
-111.5043058,39.13736059,4.476780891
-95.18763923,39.05402726,13.64318943
-110.1626392,39.02069393,14.15252399
-76.84597263,39.02069393,14.08138084
-111.5793058,39.01236059,5.213637352
-106.7543058,38.9873606,3.884478807
-107.0459725,38.97902726,4.793574333
-94.0293059,38.87069393,14.79372883
-111.6793058,38.80402726,6.324733734
-111.6876392,38.7873606,7.037609577
-8.604306241,38.6373606,17.62857246
-7.99597291,38.5373606,0
-90.80430591,38.47902726,13.73795319
-8.02097291,38.47902726,18.66394043
-119.5376391,38.39569393,4.491299152
-112.6459725,38.3623606,10.3856535
-113.0126392,38.34569393,12.34997177
-112.4376392,38.30402726,3.158824205
-78.1126393,38.2373606,15.72711468
-112.2543058,38.15402727,10.59421062
-112.1709725,38.07069393,4.05756712
-110.7709725,38.07069393,6.210250854
-111.3376392,38.04569393,3.75920105
-94.03763923,37.9873606,14.77078629
-110.7959725,37.97902727,6.680019379
-79.19597263,37.92069393,13.40622711
-112.4376392,37.87069393,7.208073139
-118.4209725,37.77902727,14.38871002
-112.6543058,37.70402727,7.684753895
-109.3626392,37.67069393,11.96055603
-112.9293058,37.59569393,6.520406723
-77.00430597,37.57902727,17.48517418
-112.8376392,37.57069393,4.502442837
-113.0543058,37.52902727,6.230176449
-112.2709725,37.52069393,7.90184164
-113.3959725,37.5123606,9.255535126
-111.2626392,37.5123606,14.16617584
-108.1126392,37.50402727,3.70751214
-113.9459725,37.49569393,7.758540154
-113.8459725,37.4873606,11.31855392
-112.5126392,37.4873606,10.00991535
-109.3376392,37.44569393,14.71921253
-113.4626392,37.40402727,7.287267208
-86.03763926,37.1873606,15.63623524
-3.254306263,37.1373606,5.654537678
-97.08763922,37.12902727,15.47068405
-3.287639596,37.12069394,5.350524902
-3.279306263,37.12069394,6.93915844
-113.3543058,37.10402727,18.62934875
-3.287639596,37.09569394,3.766962051
-93.8793059,37.07069394,14.92456722
-3.354306262,37.05402727,1.759011507
-3.354306262,37.04569394,5.953922749
-3.404306262,37.0373606,4.085280895
-3.345972929,37.0373606,6.393152237
-92.26263924,36.99569394,12.90334606
-105.2376392,36.7873606,6.205087662
-76.7626393,36.6873606,16.85402679
-80.12930596,36.6373606,15.62108707
-105.4543059,36.57902727,3.906027794
-105.3293059,36.41236061,6.31709528
-115.8209725,36.36236061,9.283261299
-115.6709725,36.30402727,6.275529385
-115.6126391,36.26236061,12.65046978
-108.9459725,36.17902727,6.637130737
-115.6126391,36.16236061,10.42232037
-106.0543059,36.08736061,14.13526535
-105.6293059,36.07069394,4.030647755
-106.5459725,36.00402727,5.830453396
-76.64597264,35.87069394,17.54886627
-115.7126391,35.46236061,20.18903542
24.05402696,35.29569394,6.411729336
24.08736029,35.28736061,7.38839674
-90.45430591,35.27902728,17.88551521
24.07902696,35.27069394,8.580627441
24.08736029,35.27069394,11.46130276
-119.5959725,35.12069394,21.13151741
-86.89597259,35.07069394,15.86638641
-86.58763926,35.06236061,16.90001869
-119.4793058,34.97069394,20.11479568
-111.5126392,34.97069394,6.134562016
-91.87930591,34.85402728,17.75665665
-87.98763926,34.82069395,16.57949829
-90.82097258,34.78736061,18.14267921
-86.5459726,34.78736061,17.19437981
-106.7626392,34.77069395,16.44103432
-90.41263925,34.68736061,17.80670547
-86.67930593,34.43736061,16.99129486
-106.6876392,34.35402728,15.71454239
-79.72930596,34.30402728,18.80971527
-91.35430591,34.27902728,17.90690041
-105.4126392,34.25402728,14.85359287
-92.02930591,34.25402728,18.60024834
-87.45430593,34.17902728,16.7218399
-90.89597258,33.97069395,18.87004852
-90.57097258,33.66236062,19.3992672
-88.76263925,33.63736062,19.38080025
-102.7459725,33.62902728,18.20669365
-91.09597258,33.62069395,19.52973175
-102.0376392,33.61236062,17.5531826
-102.3709725,33.55402728,17.88242722
-99.86263921,33.44569395,19.9748745
-105.7876392,33.40402728,6.250611782
-90.51263925,33.08736062,18.41766357
-91.06263924,32.99569395,19.96081161
-90.52097258,32.86236062,18.60038948
-90.92930591,32.75402729,19.85503006
-106.6959725,32.55402729,20.0594883
-85.7459726,32.43736062,20.02739716
-85.91263927,32.41236062,19.6030407
-86.88763926,32.40402729,20.09858894
-98.19597255,32.24569396,19.3710022
-100.5043059,31.54569396,19.31062317
-83.54597261,31.50402729,21.43779755
-96.87930589,31.47902729,20.69555283
-87.55430593,31.11236063,20.93257713
-85.03763927,31.02069396,20.39828682
-87.69597259,30.52069396,21.59785652
-88.73763925,30.47069396,20.95983696
119.4290266,30.34569396,11.23841381
119.4373599,30.34569396,11.63585377
119.4290266,30.33736063,11.8231144
119.4456932,30.3290273,14.83258343
119.4540266,30.3290273,14.91521931
119.4456932,30.32069396,15.56309032
119.4373599,30.31236063,14.50815105
-95.97930589,30.08736063,21.00400543
-81.62930595,29.1040273,23.67200661
114.6040266,28.5790273,11.31251621
114.6040266,28.57069397,12.40259552
114.5873599,28.56236064,14.85970402
114.5956933,28.56236064,13.89300823
114.5706933,28.5540273,15.51492214
114.5873599,28.5540273,15.31434536
114.5956933,28.5540273,14.35104084
86.37069338,27.90402731,3.118659019
86.37902671,27.90402731,3.665897846
86.37069338,27.89569397,3.051133871
86.37902671,27.89569397,3.037819386
121.5206932,24.37902732,9.409220695
121.5040266,24.34569399,8.411943436
121.3123599,24.32069399,8.256583214
121.3123599,24.30402732,7.89071846
121.4290266,24.29569399,6.737369061
121.5123599,24.27902732,6.091386318
121.4790266,24.20402732,7.360126495
121.3706932,24.19569399,7.602020741
121.4290266,24.15402732,7.688983917
-155.537639,19.95402734,16.95721626
-155.587639,19.91236067,17.70546913
-155.3293057,19.79569401,11.65270901
-155.4209723,19.76236067,12.28914928
-67.04597267,18.47069401,26.30660629
-65.81263935,18.32902734,23.04486084
-65.81263935,18.32069401,22.63709068
-67.00430601,18.15402735,20.972826
-66.76263934,18.15402735,21.19342041
-67.16263934,17.98736068,27.48582458
-64.79597268,17.72069401,27.76018143
-15.42930621,15.40402736,34.02125549
-16.45430621,14.49569403,31.61603928
30.47902694,13.27902736,32.98576355
-83.72930594,9.937360711,21.71615791
-2.604306265,6.520694058,26.89198685
-77.54597263,-0.829305912,17.71043587
34.02069359,-2.279305907,25.54859734
34.05402692,-2.345972573,28.69567299
34.82069359,-3.379305902,24.08350563
34.76236025,-3.420972569,26.09957314
-37.13763946,-7.654305885,29.60165405
-37.17930613,-7.837639218,28.82787323
17.07069366,-13.69597253,21.14522552
17.07069366,-13.70430586,21.04811287
23.5623603,-19.91263917,25.33740425
118.7540266,-22.82930582,30.420084
-48.72930608,-22.97097249,20.15530396
118.7956932,-22.97097249,29.39150238
118.9540266,-23.09597249,30.08872414
119.1373599,-23.12097249,29.0977726
119.3123599,-23.12930582,28.82605934
119.6373599,-23.27097249,29.11382675
119.7290266,-23.32930582,29.58697319
119.7956932,-23.43763916,29.33990479
31.4956936,-25.02097248,26.14935684
-70.61263933,-25.94597248,18.61948967
-70.60430599,-25.94597248,19.53295135
22.42902697,-25.94597248,24.46421623
-70.61263933,-25.95430581,19.34182167
-70.60430599,-25.95430581,18.36739349
-70.61263933,-26.01263914,17.12114143
-70.60430599,-26.01263914,16.81502533
-71.08763932,-30.04597246,15.7857542
-71.09597266,-30.0543058,19.29194832
-71.08763932,-30.0543058,17.32135963
-71.07930599,-32.92930578,19.20769882
-71.07930599,-32.93763912,23.03199196
-71.07097266,-32.95430578,14.22941208
-71.06263932,-32.95430578,14.38712215
-71.07930599,-32.99597245,16.91072273
148.3706931,-36.32930577,6.650566101
148.3790265,-36.32930577,5.7215271
148.2873598,-36.47097244,5.901689053
-71.90430599,-36.69597244,14.17550659
-71.81263932,-36.75430577,14.57193756
-71.79597266,-36.77930577,13.53270149
-71.77097266,-36.7876391,14.30097485
-71.74597266,-36.80430577,12.49380207
-71.72930599,-36.8126391,11.67699051
-71.62930599,-36.8626391,13.92233372
-71.58763932,-36.87097243,12.20984173
-71.56263932,-36.8876391,12.24477482
-71.53763932,-36.90430577,14.38227558
-71.41263932,-36.90430577,10.49558067
-71.52097266,-36.9126391,12.10126686
-71.51263932,-36.9126391,10.79820538
-71.47930599,-36.9126391,8.698785782
-71.42097266,-36.9126391,8.475535393
-71.41263932,-36.9126391,10.73344326
-71.45430599,-36.92097243,8.687110901
-71.43763932,-36.92097243,13.87135696
-71.42930599,-36.92097243,9.90746212
-71.74597266,-37.32930577,17.13654709
-71.69597266,-37.32930577,14.61074448
-71.62930599,-37.32930577,17.37966537
-71.59597266,-37.3376391,14.86402893
-71.57097266,-37.3376391,15.72391415
-71.81263932,-37.34597243,15.3035841
-71.52930599,-37.3626391,16.15129662
-71.50430599,-37.37097243,14.70126247
-71.35430599,-37.37097243,11.87021255
-71.90430599,-37.3876391,15.35907173
-71.47097266,-37.3876391,15.86617756
-71.39597266,-37.3876391,13.05515862
-71.38763932,-37.3876391,12.57916451
-71.37930599,-37.3876391,12.29010487
-71.45430599,-37.39597243,13.12876415
-71.43763932,-37.39597243,13.18783665
-71.42930599,-37.39597243,14.23087215
-71.42097266,-37.39597243,15.00647449
-71.40430599,-37.39597243,12.91821671
-73.01263932,-37.80430576,6.363937855
-73.01263932,-37.8126391,7.388289452
-73.00430598,-37.82097243,6.64659977
-72.99597265,-37.82097243,6.203249454
-73.17930598,-38.0126391,9.836855888
-71.54597266,-38.42097243,7.659503937
-71.47097266,-38.42930576,9.394395828
-71.51263932,-38.4376391,8.445969582
-71.50430599,-38.4376391,8.52509594
-71.49597266,-38.4376391,8.711163521
-71.48763932,-38.4376391,9.20475769
-71.51263932,-38.45430576,7.935270309
-71.77930599,-38.4626391,11.36489964
-71.74597266,-38.4626391,11.23366547
-71.71263932,-38.4626391,9.186266899
-71.63763932,-38.4626391,9.483656883
-71.52097266,-38.4626391,8.036720276
-71.67930599,-38.47097243,9.840184212
-71.67097266,-38.47097243,10.53254318
-71.58763932,-38.47097243,12.41098499
-71.52097266,-38.47097243,8.596297264
-71.54597266,-38.47930576,11.46665096
-71.70430599,-45.47930573,7.426665783
-71.70430599,-45.48763907,8.480115891
-71.69597266,-45.48763907,9.197839737